{
  "3L_2T": {
    "noiseless": {
      "ssi": 0.9868922892686213
    },
    "Qiskit-Torino": {
      "hellinger_fidelity": {
        "mean": 0.7072889230172081,
        "std": 0.00463456075324433,
        "values": [
          0.7059646548932085,
          0.7022662995319536,
          0.7103954762651912,
          0.6999356581702468,
          0.7089770973142488,
          0.7059737248010077,
          0.7089914370238674,
          0.717632790246539,
          0.7083697125581087,
          0.7043823793677093
        ]
      },
      "ssi": {
        "mean": 0.9984621516479656,
        "std": 0.014057332711903075,
        "values": [
          0.9780094245323432,
          1.003315554274182,
          0.9856527977044477,
          1.0050042893909066,
          1.015317286652079,
          0.9988388969521044,
          0.9807527801539776,
          1.0070870697136245,
          1.0220695703010816,
          0.9885738468049089
        ]
      }
    },
    "Qiskit-Fez": {
      "hellinger_fidelity": {
        "mean": 0.7589557310789585,
        "std": 0.004916914866898732,
        "values": [
          0.7606416497485614,
          0.7568970928152522,
          0.7662369494517404,
          0.7561599086769248,
          0.7626017927779069,
          0.7619137660105983,
          0.7596036303340927,
          0.7577821388755784,
          0.746857421744832,
          0.7608629603540977
        ]
      },
      "ssi": {
        "mean": 1.0115181590593303,
        "std": 0.026811879084753593,
        "values": [
          0.9997008674842957,
          0.9925451021321007,
          1.0012070006035003,
          1.0017785682525566,
          1.0050875355379323,
          1.065471669451618,
          0.9829290206648694,
          0.9915789473684209,
          1.0153429602888087,
          1.0595399188092016
        ]
      }
    },
    "Qiskit-Marrakesh": {
      "hellinger_fidelity": {
        "mean": 0.7803530042892406,
        "std": 0.0038327195867585437,
        "values": [
          0.7781351315036283,
          0.7728525356879007,
          0.7856087568339332,
          0.7814191742977118,
          0.7827945272019794,
          0.7804400368838357,
          0.7765926364880409,
          0.7841464534224457,
          0.7840956088476353,
          0.7774451817252946
        ]
      },
      "ssi": {
        "mean": 1.009443401507687,
        "std": 0.02088693631681844,
        "values": [
          1.014077823473584,
          0.9779030783297776,
          1.036051369333127,
          1.0444132772323513,
          0.9913657770800629,
          1.0123047799337437,
          1.0153412648716345,
          0.9908991056017573,
          1.0244595234338014,
          0.9876180157870297
        ]
      }
    }
  },
  "5L_2T": {
    "noiseless": {
      "ssi": 0.8679985429342328
    },
    "Qiskit-Torino": {
      "hellinger_fidelity": {
        "mean": 0.4832315172434761,
        "std": 0.00406742158347798,
        "values": [
          0.4787294408576709,
          0.47998340727916283,
          0.47695411416434413,
          0.4800778225829075,
          0.4900167517928981,
          0.4879765691943709,
          0.4865596931563056,
          0.48261666604466685,
          0.48401332746225356,
          0.48538737990018077
        ]
      },
      "ssi": {
        "mean": 1.0171583693300699,
        "std": 0.019886797568401258,
        "values": [
          1.0263839968099955,
          0.9822364971158888,
          0.9814472467978343,
          1.0246986761509582,
          1.0274246155894293,
          1.036975238603751,
          1.0131544156530934,
          1.0145432611755243,
          1.045300339253642,
          1.0194194061505832
        ]
      }
    },
    "Qiskit-Fez": {
      "hellinger_fidelity": {
        "mean": 0.4881315130001032,
        "std": 0.005026898874010587,
        "values": [
          0.48916438574529403,
          0.4871666730429055,
          0.4895523068844315,
          0.49399290294336934,
          0.49105681326940526,
          0.4880444067599698,
          0.48036686018559793,
          0.47765092358582195,
          0.4934190969234352,
          0.49090076066080146
        ]
      },
      "ssi": {
        "mean": 1.044308252953376,
        "std": 0.016773466434729198,
        "values": [
          1.0416666666666665,
          1.072650733297121,
          1.0247104767034743,
          1.0377332880895829,
          1.0510890024200052,
          1.0531074971320602,
          1.0394542277187793,
          1.0275694303669165,
          1.0712964865420176,
          1.0238047205971357
        ]
      }
    },
    "Qiskit-Marrakesh": {
      "hellinger_fidelity": {
        "mean": 0.5037454306746639,
        "std": 0.002957683544236803,
        "values": [
          0.5013277099349682,
          0.5058257304071748,
          0.5090264527672054,
          0.5018629192028683,
          0.5036754272447491,
          0.50347141923443,
          0.507268305192093,
          0.505291453228568,
          0.50043612414871,
          0.4992687653858728
        ]
      },
      "ssi": {
        "mean": 1.022273038871996,
        "std": 0.01912529017785143,
        "values": [
          1.0376727596968347,
          0.9994159304957289,
          1.001759788825341,
          0.99755664149267,
          1.0436414483367675,
          1.0565868933124583,
          1.0239178283198829,
          1.0150143519540737,
          1.0142656515633086,
          1.032899094722897
        ]
      }
    }
  },
  "3L_4T": {
    "noiseless": {
      "ssi": 2.1458532457366184
    },
    "Qiskit-Torino": {
      "hellinger_fidelity": {
        "mean": 0.2540738553176773,
        "std": 0.0024435231870109145,
        "values": [
          0.25695212812137874,
          0.25443181823252686,
          0.25305104224010344,
          0.2570745052358831,
          0.2502883341431056,
          0.2549764585954522,
          0.2551791261459777,
          0.2547030323676951,
          0.24919337914167425,
          0.2548887289529761
        ]
      },
      "ssi": {
        "mean": 1.0031810384506037,
        "std": 0.03292351602766366,
        "values": [
          1.0275324960236936,
          0.9740578918623704,
          0.9808836491846629,
          0.9562274860823053,
          0.9603408718452967,
          1.0390969162995591,
          1.0316936282601519,
          1.051456635785244,
          1.0197386557865136,
          0.9907821533762409
        ]
      }
    },
    "Qiskit-Fez": {
      "hellinger_fidelity": {
        "mean": 0.2573634367772074,
        "std": 0.0023572662236592866,
        "values": [
          0.2581876856508281,
          0.2583979037546952,
          0.26060037768119326,
          0.2529560005012656,
          0.258760783530453,
          0.2566750166390214,
          0.2574345980349372,
          0.25845184760066864,
          0.2590030938673934,
          0.2531670605116189
        ]
      },
      "ssi": {
        "mean": 1.0322993995606615,
        "std": 0.023954611556431363,
        "values": [
          0.9836065573770494,
          1.0697305863708402,
          1.0337579617834396,
          1.038228996095226,
          1.0435531182247162,
          1.032843012934314,
          1.0042885489342637,
          1.0215156130997716,
          1.0623038995965932,
          1.0331657011904
        ]
      }
    },
    "Qiskit-Marrakesh": {
      "hellinger_fidelity": {
        "mean": 0.2714590418409793,
        "std": 0.003459051229657535,
        "values": [
          0.2726964133775202,
          0.27403811139576256,
          0.2761473119429372,
          0.2699611831700367,
          0.2761069553315097,
          0.26719431348807404,
          0.26969557146320083,
          0.2743276795103969,
          0.2670888879821468,
          0.26733399074820835
        ]
      },
      "ssi": {
        "mean": 1.0232184425514206,
        "std": 0.02350288987676751,