{
  "gate_count_complexity": {
    "model": "G = a\u00b7N^b\u00b7log(N) + d (c=1.0 constrained, b fitted)",
    "qiskit_3L": {
      "R2": 0.9998535323287978,
      "b": 0.5276576235599516,
      "b_err": 0.008224415491189869
    },
    "qiskit_5L": {
      "R2": 0.9997557691256088,
      "b": 0.5766387282418096,
      "b_err": 0.01340655733859029
    },
    "tket_3L": {
      "R2": 0.9999922986279121,
      "b": 0.5236409200827767,
      "b_err": 0.0018726671774197856
    },
    "tket_5L": {
      "R2": 0.9999905586238299,
      "b": 0.5182841773328962,
      "b_err": 0.002396445143860245
    }
  },
  "success_probability": {
    "model": "P = a \u00d7 N^b (both fitted)",
    "3_layers": {
      "a": 0.3533743165457555,
      "a_err": 0.000112657337342245,
      "b": -0.4998029962685718,
      "b_err": 0.00010706421906479455,
      "b_expected": -0.5,
      "c_filter_derived": 0.5005663228622467,
      "c_filter_err": 0.00047347572526846947,
      "c_filter_theory": 0.4999999999999999,
      "R2": 0.9999771288244876,
      "chi2_reduced": 302.04007206632645,
      "max_relative_error_percent": 21.415725792088107,
      "mean_relative_error_percent": 3.335446424608339
    },
    "5_layers": {
      "a": 0.8123514877154425,
      "a_err": 0.00017875882808533001,
      "b": -0.49993079813320324,
      "b_err": 6.120856344577921e-05,
      "b_expected": -0.5,
      "c_filter_derived": 0.8128582053488427,
      "c_filter_err": 0.0004826929948551892,
      "c_filter_theory": 0.8230568193622758,
      "R2": 0.9999998537883839,
      "chi2_reduced": 101.91195366022254,
      "max_relative_error_percent": 13.130982933573904,
      "mean_relative_error_percent": 1.803489716648088
    }
  }
}